Workbook

Sheet 使用說明
A1: 金鯉躍門 每日營運報表（2026 年 9 月）
A2: 示範資料：由 build_data.py 依遊戲數學模型模擬生成，非實際營運數據
A4: 每日操作步驟
A5: 1 | B5: 在 jinli.db 執行 queries.sql 的 [Q01]–[Q03]，確認沒有重複紀錄、錯誤數值或缺漏日期
A6: 2 | B6: 執行 [Q04]，把結果貼到「原始資料」工作表（從 A2 開始，欄位順序相同）
A7: 3 | B7: 「日報」「週報」「版本比較」「圖表」會自動重算，不需要手動修改
A8: 4 | B8: 檢查「日報」狀態欄：標紅的「警示」要逐筆確認原因，並在備註欄說明
A9: 5 | B9: 與財務或後台的總投注核對一致後，寄出或更新共用檔案
A11: 顏色說明
A12: 黃底藍字 | B12: 輸入值：原始資料、遊戲設定、警示門檻。只有這些儲存格需要手動修改
A13: 黑字 | B13: 公式計算，請勿直接修改
A14: 綠字 | B14: 引用其他工作表的值
A16: 欄位定義
A17: 實際 RTP | B17: 總派彩 ÷ 總投注。派彩包含該轉觸發的免費遊戲贏分
A18: 等效轉數 | B18: 總投注 ÷ 20。押注大小不同時，換算成「每線 1 點」的轉數，用來計算標準誤
A19: 標準誤 | B19: σ ÷ √等效轉數。σ 為 數值規格表的單局標準差（× 總押注）
A20: z 值 | B20: (實際 RTP − 理論 RTP) ÷ 標準誤。|z| 超過門檻即警示
A21: 觸發偏差 z | B21: (實際觸發次數 − 期望觸發次數) ÷ √期望次數。觸發次數近似卜瓦松分布
A22: 累計 RTP | B22: 月初至當日的總派彩 ÷ 總投注。轉數越多越接近理論值
A24: 警示門檻為什麼用 3 | B24: 每天檢查一次，門檻 2 時單日誤報率 4.6%，30 天內至少誤報一次的機率約 75%；門檻 3 時約 7.8%

Sheet 遊戲設定
A1: 遊戲設定（來源：games 資料表／數值規格表）
A4: 版本 | B4: 理論 RTP | C4: 單局標準差 σ | D4: 觸發率 | E4: 平均免費場次 | F4: 上線日 | G4: 結束日 | H4: 說明
A5: v1.2 | B5: 0.969748 | C5: 3.6796 | D5: 0.014685 | E5: 11.7213 | F5: 46266 | G5: 46285 | H5: 正式版
A6: v1.3 | B6: 0.969748 | C6: 3.6796 | D6: 0.014685 | E6: 11.7213 | F6: 46286 | G6: 46289 | H6: 介面改版；免費遊戲倍數誤設為 ×3（規格 ×2）
A7: v1.3.1 | B7: 0.969748 | C7: 3.6796 | D7: 0.014685 | E7: 11.7213 | F7: 46290 | G7: 46295 | H7: 修正免費遊戲倍數
A10: z 警示門檻 | B10: 3
A11: 固定區間 ± | B11: 0.03 | C11: 對照用的簡單規則：實際 RTP 偏離理論值超過此幅度就警示
A12: 等效轉數基準 | B12: 20 | C12: 每線 1 點 × 20 線 = 每轉 20 點
A13: 理論 RTP、σ、觸發率依 數值規格表；v1.3 的規格與 v1.2 相同，實際上線版本的設定錯誤不會反映在理論值上，這正是要靠報表抓出來的差異。

Sheet 原始資料
A1: 日期 | B1: 版本 | C1: 轉數 | D1: 玩家數 | E1: 總投注 | F1: 總派彩 | G1: 觸發次數 | H1: 最高單局倍數
A2: 46266 | B2: v1.2 | C2: 4704 | D2: 119 | E2: 121540 | F2: 121573 | G2: 70 | H2: 115.5
A3: 46267 | B3: v1.2 | C3: 4430 | D3: 111 | E3: 130960 | F3: 128244 | G3: 71 | H3: 81.5
A4: 46268 | B4: v1.2 | C4: 4829 | D4: 117 | E4: 120940 | F4: 120571 | G4: 80 | H4: 70.8
A5: 46269 | B5: v1.2 | C5: 4959 | D5: 115 | E5: 135320 | F5: 136944 | G5: 77 | H5: 63
A6: 46270 | B6: v1.2 | C6: 5533 | D6: 131 | E6: 174000 | F6: 151539 | G6: 87 | H6: 57.9
A7: 46271 | B7: v1.2 | C7: 5436 | D7: 136 | E7: 177880 | F7: 160642 | G7: 86 | H7: 76.9
A8: 46272 | B8: v1.2 | C8: 5193 | D8: 134 | E8: 142680 | F8: 138974 | G8: 87 | H8: 85.4
A9: 46273 | B9: v1.2 | C9: 5509 | D9: 135 | E9: 159740 | F9: 148620 | G9: 85 | H9: 86.6
A10: 46274 | B10: v1.2 | C10: 6274 | D10: 157 | E10: 169180 | F10: 161970 | G10: 84 | H10: 100
A11: 46275 | B11: v1.2 | C11: 5234 | D11: 145 | E11: 155320 | F11: 164496 | G11: 91 | H11: 122.5
A12: 46276 | B12: v1.2 | C12: 4990 | D12: 149 | E12: 150880 | F12: 150158 | G12: 81 | H12: 84.4
A13: 46277 | B13: v1.2 | C13: 6131 | D13: 154 | E13: 208040 | F13: 211688 | G13: 95 | H13: 75
... A31: 46295 | B31: v1.3.1 | C31: 7949 | D31: 193 | E31: 228640 | F31: 226643 | G31: 126 | H31: 95.3

Sheet 日報
A1: 日期 | B1: 版本 | C1: 轉數 | D1: 玩家數 | E1: 總投注 | F1: 總派彩 | G1: 莊家淨收入 | H1: 實際 RTP | I1: 理論 RTP | J1: σ | K1: 等效轉數 | L1: 標準誤 | M1: z 值 | N1: p 值 | O1: 觸發次數 | P1: 期望觸發 | Q1: 觸發偏差 z | R1: 最高單局倍數 | S1: 累計 RTP | T1: z 檢定 | U1: 固定區間 | V1: 警示上界 | W1: 警示下界 | X1: 備註
A2: =原始資料!A2 | B2: =原始資料!B2 | C2: =原始資料!C2 | D2: =原始資料!D2 | E2: =原始資料!E2 | F2: =原始資料!F2 | G2: =E2-F2 | H2: =IFERROR(F2/E2,0) | I2: =INDEX(遊戲設定!$B$5:$B$9,MATCH(B2,遊戲設定!$A$5:$A$9,0)) | J2: =INDEX(遊戲設定!$C$5:$C$9,MATCH(B2,遊戲設定!$A$5:$A$9,0)) | K2: =E2/遊戲設定!$B$12 | L2: =J2/SQRT(K2) | M2: =(H2-I2)/L2 | N2: =2*(1-NORMSDIST(ABS(M2))) | O2: =原始資料!G2 | P2: =C2*INDEX(遊戲設定!$D$5:$D$9,MATCH(B2,遊戲設定!$A$5:$A$9,0)) | Q2: =(O2-P2)/SQRT(P2) | R2: =原始資料!H2 | S2: =SUM($F$2:F2)/SUM($E$2:E2) | T2: =IF(ABS(M2)>遊戲設定!$B$10,"警示","正常") | U2: =IF(ABS(H2-I2)>遊戲設定!$B$11,"警示","正常") | V2: =I2+遊戲設定!$B$10*L2 | W2: =I2-遊戲設定!$B$10*L2
A3: =原始資料!A3 | B3: =原始資料!B3 | C3: =原始資料!C3 | D3: =原始資料!D3 | E3: =原始資料!E3 | F3: =原始資料!F3 | G3: =E3-F3 | H3: =IFERROR(F3/E3,0) | I3: =INDEX(遊戲設定!$B$5:$B$9,MATCH(B3,遊戲設定!$A$5:$A$9,0)) | J3: =INDEX(遊戲設定!$C$5:$C$9,MATCH(B3,遊戲設定!$A$5:$A$9,0)) | K3: =E3/遊戲設定!$B$12 | L3: =J3/SQRT(K3) | M3: =(H3-I3)/L3 | N3: =2*(1-NORMSDIST(ABS(M3))) | O3: =原始資料!G3 | P3: =C3*INDEX(遊戲設定!$D$5:$D$9,MATCH(B3,遊戲設定!$A$5:$A$9,0)) | Q3: =(O3-P3)/SQRT(P3) | R3: =原始資料!H3 | S3: =SUM($F$2:F3)/SUM($E$2:E3) | T3: =IF(ABS(M3)>遊戲設定!$B$10,"警示","正常") | U3: =IF(ABS(H3-I3)>遊戲設定!$B$11,"警示","正常") | V3: =I3+遊戲設定!$B$10*L3 | W3: =I3-遊戲設定!$B$10*L3
A4: =原始資料!A4 | B4: =原始資料!B4 | C4: =原始資料!C4 | D4: =原始資料!D4 | E4: =原始資料!E4 | F4: =原始資料!F4 | G4: =E4-F4 | H4: =IFERROR(F4/E4,0) | I4: =INDEX(遊戲設定!$B$5:$B$9,MATCH(B4,遊戲設定!$A$5:$A$9,0)) | J4: =INDEX(遊戲設定!$C$5:$C$9,MATCH(B4,遊戲設定!$A$5:$A$9,0)) | K4: =E4/遊戲設定!$B$12 | L4: =J4/SQRT(K4) | M4: =(H4-I4)/L4 | N4: =2*(1-NORMSDIST(ABS(M4))) | O4: =原始資料!G4 | P4: =C4*INDEX(遊戲設定!$D$5:$D$9,MATCH(B4,遊戲設定!$A$5:$A$9,0)) | Q4: =(O4-P4)/SQRT(P4) | R4: =原始資料!H4 | S4: =SUM($F$2:F4)/SUM($E$2:E4) | T4: =IF(ABS(M4)>遊戲設定!$B$10,"警示","正常") | U4: =IF(ABS(H4-I4)>遊戲設定!$B$11,"警示","正常") | V4: =I4+遊戲設定!$B$10*L4 | W4: =I4-遊戲設定!$B$10*L4
A5: =原始資料!A5 | B5: =原始資料!B5 | C5: =原始資料!C5 | D5: =原始資料!D5 | E5: =原始資料!E5 | F5: =原始資料!F5 | G5: =E5-F5 | H5: =IFERROR(F5/E5,0) | I5: =INDEX(遊戲設定!$B$5:$B$9,MATCH(B5,遊戲設定!$A$5:$A$9,0)) | J5: =INDEX(遊戲設定!$C$5:$C$9,MATCH(B5,遊戲設定!$A$5:$A$9,0)) | K5: =E5/遊戲設定!$B$12 | L5: =J5/SQRT(K5) | M5: =(H5-I5)/L5 | N5: =2*(1-NORMSDIST(ABS(M5))) | O5: =原始資料!G5 | P5: =C5*INDEX(遊戲設定!$D$5:$D$9,MATCH(B5,遊戲設定!$A$5:$A$9,0)) | Q5: =(O5-P5)/SQRT(P5) | R5: =原始資料!H5 | S5: =SUM($F$2:F5)/SUM($E$2:E5) | T5: =IF(ABS(M5)>遊戲設定!$B$10,"警示","正常") | U5: =IF(ABS(H5-I5)>遊戲設定!$B$11,"警示","正常") | V5: =I5+遊戲設定!$B$10*L5 | W5: =I5-遊戲設定!$B$10*L5
A6: =原始資料!A6 | B6: =原始資料!B6 | C6: =原始資料!C6 | D6: =原始資料!D6 | E6: =原始資料!E6 | F6: =原始資料!F6 | G6: =E6-F6 | H6: =IFERROR(F6/E6,0) | I6: =INDEX(遊戲設定!$B$5:$B$9,MATCH(B6,遊戲設定!$A$5:$A$9,0)) | J6: =INDEX(遊戲設定!$C$5:$C$9,MATCH(B6,遊戲設定!$A$5:$A$9,0)) | K6: =E6/遊戲設定!$B$12 | L6: =J6/SQRT(K6) | M6: =(H6-I6)/L6 | N6: =2*(1-NORMSDIST(ABS(M6))) | O6: =原始資料!G6 | P6: =C6*INDEX(遊戲設定!$D$5:$D$9,MATCH(B6,遊戲設定!$A$5:$A$9,0)) | Q6: =(O6-P6)/SQRT(P6) | R6: =原始資料!H6 | S6: =SUM($F$2:F6)/SUM($E$2:E6) | T6: =IF(ABS(M6)>遊戲設定!$B$10,"警示","正常") | U6: =IF(ABS(H6-I6)>遊戲設定!$B$11,"警示","正常") | V6: =I6+遊戲設定!$B$10*L6 | W6: =I6-遊戲設定!$B$10*L6
A7: =原始資料!A7 | B7: =原始資料!B7 | C7: =原始資料!C7 | D7: =原始資料!D7 | E7: =原始資料!E7 | F7: =原始資料!F7 | G7: =E7-F7 | H7: =IFERROR(F7/E7,0) | I7: =INDEX(遊戲設定!$B$5:$B$9,MATCH(B7,遊戲設定!$A$5:$A$9,0)) | J7: =INDEX(遊戲設定!$C$5:$C$9,MATCH(B7,遊戲設定!$A$5:$A$9,0)) | K7: =E7/遊戲設定!$B$12 | L7: =J7/SQRT(K7) | M7: =(H7-I7)/L7 | N7: =2*(1-NORMSDIST(ABS(M7))) | O7: =原始資料!G7 | P7: =C7*INDEX(遊戲設定!$D$5:$D$9,MATCH(B7,遊戲設定!$A$5:$A$9,0)) | Q7: =(O7-P7)/SQRT(P7) | R7: =原始資料!H7 | S7: =SUM($F$2:F7)/SUM($E$2:E7) | T7: =IF(ABS(M7)>遊戲設定!$B$10,"警示","正常") | U7: =IF(ABS(H7-I7)>遊戲設定!$B$11,"警示","正常") | V7: =I7+遊戲設定!$B$10*L7 | W7: =I7-遊戲設定!$B$10*L7
A8: =原始資料!A8 | B8: =原始資料!B8 | C8: =原始資料!C8 | D8: =原始資料!D8 | E8: =原始資料!E8 | F8: =原始資料!F8 | G8: =E8-F8 | H8: =IFERROR(F8/E8,0) | I8: =INDEX(遊戲設定!$B$5:$B$9,MATCH(B8,遊戲設定!$A$5:$A$9,0)) | J8: =INDEX(遊戲設定!$C$5:$C$9,MATCH(B8,遊戲設定!$A$5:$A$9,0)) | K8: =E8/遊戲設定!$B$12 | L8: =J8/SQRT(K8) | M8: =(H8-I8)/L8 | N8: =2*(1-NORMSDIST(ABS(M8))) | O8: =原始資料!G8 | P8: =C8*INDEX(遊戲設定!$D$5:$D$9,MATCH(B8,遊戲設定!$A$5:$A$9,0)) | Q8: =(O8-P8)/SQRT(P8) | R8: =原始資料!H8 | S8: =SUM($F$2:F8)/SUM($E$2:E8) | T8: =IF(ABS(M8)>遊戲設定!$B$10,"警示","正常") | U8: =IF(ABS(H8-I8)>遊戲設定!$B$11,"警示","正常") | V8: =I8+遊戲設定!$B$10*L8 | W8: =I8-遊戲設定!$B$10*L8
A9: =原始資料!A9 | B9: =原始資料!B9 | C9: =原始資料!C9 | D9: =原始資料!D9 | E9: =原始資料!E9 | F9: =原始資料!F9 | G9: =E9-F9 | H9: =IFERROR(F9/E9,0) | I9: =INDEX(遊戲設定!$B$5:$B$9,MATCH(B9,遊戲設定!$A$5:$A$9,0)) | J9: =INDEX(遊戲設定!$C$5:$C$9,MATCH(B9,遊戲設定!$A$5:$A$9,0)) | K9: =E9/遊戲設定!$B$12 | L9: =J9/SQRT(K9) | M9: =(H9-I9)/L9 | N9: =2*(1-NORMSDIST(ABS(M9))) | O9: =原始資料!G9 | P9: =C9*INDEX(遊戲設定!$D$5:$D$9,MATCH(B9,遊戲設定!$A$5:$A$9,0)) | Q9: =(O9-P9)/SQRT(P9) | R9: =原始資料!H9 | S9: =SUM($F$2:F9)/SUM($E$2:E9) | T9: =IF(ABS(M9)>遊戲設定!$B$10,"警示","正常") | U9: =IF(ABS(H9-I9)>遊戲設定!$B$11,"警示","正常") | V9: =I9+遊戲設定!$B$10*L9 | W9: =I9-遊戲設定!$B$10*L9
A10: =原始資料!A10 | B10: =原始資料!B10 | C10: =原始資料!C10 | D10: =原始資料!D10 | E10: =原始資料!E10 | F10: =原始資料!F10 | G10: =E10-F10 | H10: =IFERROR(F10/E10,0) | I10: =INDEX(遊戲設定!$B$5:$B$9,MATCH(B10,遊戲設定!$A$5:$A$9,0)) | J10: =INDEX(遊戲設定!$C$5:$C$9,MATCH(B10,遊戲設定!$A$5:$A$9,0)) | K10: =E10/遊戲設定!$B$12 | L10: =J10/SQRT(K10) | M10: =(H10-I10)/L10 | N10: =2*(1-NORMSDIST(ABS(M10))) | O10: =原始資料!G10 | P10: =C10*INDEX(遊戲設定!$D$5:$D$9,MATCH(B10,遊戲設定!$A$5:$A$9,0)) | Q10: =(O10-P10)/SQRT(P10) | R10: =原始資料!H10 | S10: =SUM($F$2:F10)/SUM($E$2:E10) | T10: =IF(ABS(M10)>遊戲設定!$B$10,"警示","正常") | U10: =IF(ABS(H10-I10)>遊戲設定!$B$11,"警示","正常") | V10: =I10+遊戲設定!$B$10*L10 | W10: =I10-遊戲設定!$B$10*L10
A11: =原始資料!A11 | B11: =原始資料!B11 | C11: =原始資料!C11 | D11: =原始資料!D11 | E11: =原始資料!E11 | F11: =原始資料!F11 | G11: =E11-F11 | H11: =IFERROR(F11/E11,0) | I11: =INDEX(遊戲設定!$B$5:$B$9,MATCH(B11,遊戲設定!$A$5:$A$9,0)) | J11: =INDEX(遊戲設定!$C$5:$C$9,MATCH(B11,遊戲設定!$A$5:$A$9,0)) | K11: =E11/遊戲設定!$B$12 | L11: =J11/SQRT(K11) | M11: =(H11-I11)/L11 | N11: =2*(1-NORMSDIST(ABS(M11))) | O11: =原始資料!G11 | P11: =C11*INDEX(遊戲設定!$D$5:$D$9,MATCH(B11,遊戲設定!$A$5:$A$9,0)) | Q11: =(O11-P11)/SQRT(P11) | R11: =原始資料!H11 | S11: =SUM($F$2:F11)/SUM($E$2:E11) | T11: =IF(ABS(M11)>遊戲設定!$B$10,"警示","正常") | U11: =IF(ABS(H11-I11)>遊戲設定!$B$11,"警示","正常") | V11: =I11+遊戲設定!$B$10*L11 | W11: =I11-遊戲設定!$B$10*L11
A12: =原始資料!A12 | B12: =原始資料!B12 | C12: =原始資料!C12 | D12: =原始資料!D12 | E12: =原始資料!E12 | F12: =原始資料!F12 | G12: =E12-F12 | H12: =IFERROR(F12/E12,0) | I12: =INDEX(遊戲設定!$B$5:$B$9,MATCH(B12,遊戲設定!$A$5:$A$9,0)) | J12: =INDEX(遊戲設定!$C$5:$C$9,MATCH(B12,遊戲設定!$A$5:$A$9,0)) | K12: =E12/遊戲設定!$B$12 | L12: =J12/SQRT(K12) | M12: =(H12-I12)/L12 | N12: =2*(1-NORMSDIST(ABS(M12))) | O12: =原始資料!G12 | P12: =C12*INDEX(遊戲設定!$D$5:$D$9,MATCH(B12,遊戲設定!$A$5:$A$9,0)) | Q12: =(O12-P12)/SQRT(P12) | R12: =原始資料!H12 | S12: =SUM($F$2:F12)/SUM($E$2:E12) | T12: =IF(ABS(M12)>遊戲設定!$B$10,"警示","正常") | U12: =IF(ABS(H12-I12)>遊戲設定!$B$11,"警示","正常") | V12: =I12+遊戲設定!$B$10*L12 | W12: =I12-遊戲設定!$B$10*L12
A13: =原始資料!A13 | B13: =原始資料!B13 | C13: =原始資料!C13 | D13: =原始資料!D13 | E13: =原始資料!E13 | F13: =原始資料!F13 | G13: =E13-F13 | H13: =IFERROR(F13/E13,0) | I13: =INDEX(遊戲設定!$B$5:$B$9,MATCH(B13,遊戲設定!$A$5:$A$9,0)) | J13: =INDEX(遊戲設定!$C$5:$C$9,MATCH(B13,遊戲設定!$A$5:$A$9,0)) | K13: =E13/遊戲設定!$B$12 | L13: =J13/SQRT(K13) | M13: =(H13-I13)/L13 | N13: =2*(1-NORMSDIST(ABS(M13))) | O13: =原始資料!G13 | P13: =C13*INDEX(遊戲設定!$D$5:$D$9,MATCH(B13,遊戲設定!$A$5:$A$9,0)) | Q13: =(O13-P13)/SQRT(P13) | R13: =原始資料!H13 | S13: =SUM($F$2:F13)/SUM($E$2:E13) | T13: =IF(ABS(M13)>遊戲設定!$B$10,"警示","正常") | U13: =IF(ABS(H13-I13)>遊戲設定!$B$11,"警示","正常") | V13: =I13+遊戲設定!$B$10*L13 | W13: =I13-遊戲設定!$B$10*L13 | X13: 原始資料有 3 筆重複寫入，已由 v_spins 排除
A14: =原始資料!A14 | B14: =原始資料!B14 | C14: =原始資料!C14 | D14: =原始資料!D14 | E14: =原始資料!E14 | F14: =原始資料!F14 | G14: =E14-F14 | H14: =IFERROR(F14/E14,0) | I14: =INDEX(遊戲設定!$B$5:$B$9,MATCH(B14,遊戲設定!$A$5:$A$9,0)) | J14: =INDEX(遊戲設定!$C$5:$C$9,MATCH(B14,遊戲設定!$A$5:$A$9,0)) | K14: =E14/遊戲設定!$B$12 | L14: =J14/SQRT(K14) | M14: =(H14-I14)/L14 | N14: =2*(1-NORMSDIST(ABS(M14))) | O14: =原始資料!G14 | P14: =C14*INDEX(遊戲設定!$D$5:$D$9,MATCH(B14,遊戲設定!$A$5:$A$9,0)) | Q14: =(O14-P14)/SQRT(P14) | R14: =原始資料!H14 | S14: =SUM($F$2:F14)/SUM($E$2:E14) | T14: =IF(ABS(M14)>遊戲設定!$B$10,"警示","正常") | U14: =IF(ABS(H14-I14)>遊戲設定!$B$11,"警示","正常") | V14: =I14+遊戲設定!$B$10*L14 | W14: =I14-遊戲設定!$B$10*L14
A15: =原始資料!A15 | B15: =原始資料!B15 | C15: =原始資料!C15 | D15: =原始資料!D15 | E15: =原始資料!E15 | F15: =原始資料!F15 | G15: =E15-F15 | H15: =IFERROR(F15/E15,0) | I15: =INDEX(遊戲設定!$B$5:$B$9,MATCH(B15,遊戲設定!$A$5:$A$9,0)) | J15: =INDEX(遊戲設定!$C$5:$C$9,MATCH(B15,遊戲設定!$A$5:$A$9,0)) | K15: =E15/遊戲設定!$B$12 | L15: =J15/SQRT(K15) | M15: =(H15-I15)/L15 | N15: =2*(1-NORMSDIST(ABS(M15))) | O15: =原始資料!G15 | P15: =C15*INDEX(遊戲設定!$D$5:$D$9,MATCH(B15,遊戲設定!$A$5:$A$9,0)) | Q15: =(O15-P15)/SQRT(P15) | R15: =原始資料!H15 | S15: =SUM($F$2:F15)/SUM($E$2:E15) | T15: =IF(ABS(M15)>遊戲設定!$B$10,"警示","正常") | U15: =IF(ABS(H15-I15)>遊戲設定!$B$11,"警示","正常") | V15: =I15+遊戲設定!$B$10*L15 | W15: =I15-遊戲設定!$B$10*L15
A16: =原始資料!A16 | B16: =原始資料!B16 | C16: =原始資料!C16 | D16: =原始資料!D16 | E16: =原始資料!E16 | F16: =原始資料!F16 | G16: =E16-F16 | H16: =IFERROR(F16/E16,0) | I16: =INDEX(遊戲設定!$B$5:$B$9,MATCH(B16,遊戲設定!$A$5:$A$9,0)) | J16: =INDEX(遊戲設定!$C$5:$C$9,MATCH(B16,遊戲設定!$A$5:$A$9,0)) | K16: =E16/遊戲設定!$B$12 | L16: =J16/SQRT(K16) | M16: =(H16-I16)/L16 | N16: =2*(1-NORMSDIST(ABS(M16))) | O16: =原始資料!G16 | P16: =C16*INDEX(遊戲設定!$D$5:$D$9,MATCH(B16,遊戲設定!$A$5:$A$9,0)) | Q16: =(O16-P16)/SQRT(P16) | R16: =原始資料!H16 | S16: =SUM($F$2:F16)/SUM($E$2:E16) | T16: =IF(ABS(M16)>遊戲設定!$B$10,"警示","正常") | U16: =IF(ABS(H16-I16)>遊戲設定!$B$11,"警示","正常") | V16: =I16+遊戲設定!$B$10*L16 | W16: =I16-遊戲設定!$B$10*L16
A17: =原始資料!A17 | B17: =原始資料!B17 | C17: =原始資料!C17 | D17: =原始資料!D17 | E17: =原始資料!E17 | F17: =原始資料!F17 | G17: =E17-F17 | H17: =IFERROR(F17/E17,0) | I17: =INDEX(遊戲設定!$B$5:$B$9,MATCH(B17,遊戲設定!$A$5:$A$9,0)) | J17: =INDEX(遊戲設定!$C$5:$C$9,MATCH(B17,遊戲設定!$A$5:$A$9,0)) | K17: =E17/遊戲設定!$B$12 | L17: =J17/SQRT(K17) | M17: =(H17-I17)/L17 | N17: =2*(1-NORMSDIST(ABS(M17))) | O17: =原始資料!G17 | P17: =C17*INDEX(遊戲設定!$D$5:$D$9,MATCH(B17,遊戲設定!$A$5:$A$9,0)) | Q17: =(O17-P17)/SQRT(P17) | R17: =原始資料!H17 | S17: =SUM($F$2:F17)/SUM($E$2:E17) | T17: =IF(ABS(M17)>遊戲設定!$B$10,"警示","正常") | U17: =IF(ABS(H17-I17)>遊戲設定!$B$11,"警示","正常") | V17: =I17+遊戲設定!$B$10*L17 | W17: =I17-遊戲設定!$B$10*L17
A18: =原始資料!A18 | B18: =原始資料!B18 | C18: =原始資料!C18 | D18: =原始資料!D18 | E18: =原始資料!E18 | F18: =原始資料!F18 | G18: =E18-F18 | H18: =IFERROR(F18/E18,0) | I18: =INDEX(遊戲設定!$B$5:$B$9,MATCH(B18,遊戲設定!$A$5:$A$9,0)) | J18: =INDEX(遊戲設定!$C$5:$C$9,MATCH(B18,遊戲設定!$A$5:$A$9,0)) | K18: =E18/遊戲設定!$B$12 | L18: =J18/SQRT(K18) | M18: =(H18-I18)/L18 | N18: =2*(1-NORMSDIST(ABS(M18))) | O18: =原始資料!G18 | P18: =C18*INDEX(遊戲設定!$D$5:$D$9,MATCH(B18,遊戲設定!$A$5:$A$9,0)) | Q18: =(O18-P18)/SQRT(P18) | R18: =原始資料!H18 | S18: =SUM($F$2:F18)/SUM($E$2:E18) | T18: =IF(ABS(M18)>遊戲設定!$B$10,"警示","正常") | U18: =IF(ABS(H18-I18)>遊戲設定!$B$11,"警示","正常") | V18: =I18+遊戲設定!$B$10*L18 | W18: =I18-遊戲設定!$B$10*L18 | X18: 正常版本的誤報（|z| 剛好超過 3）；另有 2 筆押注為 0 的錯誤紀錄已由 v_spins 排除
A19: =原始資料!A19 | B19: =原始資料!B19 | C19: =原始資料!C19 | D19: =原始資料!D19 | E19: =原始資料!E19 | F19: =原始資料!F19 | G19: =E19-F19 | H19: =IFERROR(F19/E19,0) | I19: =INDEX(遊戲設定!$B$5:$B$9,MATCH(B19,遊戲設定!$A$5:$A$9,0)) | J19: =INDEX(遊戲設定!$C$5:$C$9,MATCH(B19,遊戲設定!$A$5:$A$9,0)) | K19: =E19/遊戲設定!$B$12 | L19: =J19/SQRT(K19) | M19: =(H19-I19)/L19 | N19: =2*(1-NORMSDIST(ABS(M19))) | O19: =原始資料!G19 | P19: =C19*INDEX(遊戲設定!$D$5:$D$9,MATCH(B19,遊戲設定!$A$5:$A$9,0)) | Q19: =(O19-P19)/SQRT(P19) | R19: =原始資料!H19 | S19: =SUM($F$2:F19)/SUM($E$2:E19) | T19: =IF(ABS(M19)>遊戲設定!$B$10,"警示","正常") | U19: =IF(ABS(H19-I19)>遊戲設定!$B$11,"警示","正常") | V19: =I19+遊戲設定!$B$10*L19 | W19: =I19-遊戲設定!$B$10*L19
A20: =原始資料!A20 | B20: =原始資料!B20 | C20: =原始資料!C20 | D20: =原始資料!D20 | E20: =原始資料!E20 | F20: =原始資料!F20 | G20: =E20-F20 | H20: =IFERROR(F20/E20,0) | I20: =INDEX(遊戲設定!$B$5:$B$9,MATCH(B20,遊戲設定!$A$5:$A$9,0)) | J20: =INDEX(遊戲設定!$C$5:$C$9,MATCH(B20,遊戲設定!$A$5:$A$9,0)) | K20: =E20/遊戲設定!$B$12 | L20: =J20/SQRT(K20) | M20: =(H20-I20)/L20 | N20: =2*(1-NORMSDIST(ABS(M20))) | O20: =原始資料!G20 | P20: =C20*INDEX(遊戲設定!$D$5:$D$9,MATCH(B20,遊戲設定!$A$5:$A$9,0)) | Q20: =(O20-P20)/SQRT(P20) | R20: =原始資料!H20 | S20: =SUM($F$2:F20)/SUM($E$2:E20) | T20: =IF(ABS(M20)>遊戲設定!$B$10,"警示","正常") | U20: =IF(ABS(H20-I20)>遊戲設定!$B$11,"警示","正常") | V20: =I20+遊戲設定!$B$10*L20 | W20: =I20-遊戲設定!$B$10*L20
A21: =原始資料!A21 | B21: =原始資料!B21 | C21: =原始資料!C21 | D21: =原始資料!D21 | E21: =原始資料!E21 | F21: =原始資料!F21 | G21: =E21-F21 | H21: =IFERROR(F21/E21,0) | I21: =INDEX(遊戲設定!$B$5:$B$9,MATCH(B21,遊戲設定!$A$5:$A$9,0)) | J21: =INDEX(遊戲設定!$C$5:$C$9,MATCH(B21,遊戲設定!$A$5:$A$9,0)) | K21: =E21/遊戲設定!$B$12 | L21: =J21/SQRT(K21) | M21: =(H21-I21)/L21 | N21: =2*(1-NORMSDIST(ABS(M21))) | O21: =原始資料!G21 | P21: =C21*INDEX(遊戲設定!$D$5:$D$9,MATCH(B21,遊戲設定!$A$5:$A$9,0)) | Q21: =(O21-P21)/SQRT(P21) | R21: =原始資料!H21 | S21: =SUM($F$2:F21)/SUM($E$2:E21) | T21: =IF(ABS(M21)>遊戲設定!$B$10,"警示","正常") | U21: =IF(ABS(H21-I21)>遊戲設定!$B$11,"警示","正常") | V21: =I21+遊戲設定!$B$10*L21 | W21: =I21-遊戲設定!$B$10*L21
A22: =原始資料!A22 | B22: =原始資料!B22 | C22: =原始資料!C22 | D22: =原始資料!D22 | E22: =原始資料!E22 | F22: =原始資料!F22 | G22: =E22-F22 | H22: =IFERROR(F22/E22,0) | I22: =INDEX(遊戲設定!$B$5:$B$9,MATCH(B22,遊戲設定!$A$5:$A$9,0)) | J22: =INDEX(遊戲設定!$C$5:$C$9,MATCH(B22,遊戲設定!$A$5:$A$9,0)) | K22: =E22/遊戲設定!$B$12 | L22: =J22/SQRT(K22) | M22: =(H22-I22)/L22 | N22: =2*(1-NORMSDIST(ABS(M22))) | O22: =原始資料!G22 | P22: =C22*INDEX(遊戲設定!$D$5:$D$9,MATCH(B22,遊戲設定!$A$5:$A$9,0)) | Q22: =(O22-P22)/SQRT(P22) | R22: =原始資料!H22 | S22: =SUM($F$2:F22)/SUM($E$2:E22) | T22: =IF(ABS(M22)>遊戲設定!$B$10,"警示","正常") | U22: =IF(ABS(H22-I22)>遊戲設定!$B$11,"警示","正常") | V22: =I22+遊戲設定!$B$10*L22 | W22: =I22-遊戲設定!$B$10*L22 | X22: v1.3 上線首日即警示 → 以 SQL [Q06][Q07] 查出免費遊戲倍數誤設為 ×3
A23: =原始資料!A23 | B23: =原始資料!B23 | C23: =原始資料!C23 | D23: =原始資料!D23 | E23: =原始資料!E23 | F23: =原始資料!F23 | G23: =E23-F23 | H23: =IFERROR(F23/E23,0) | I23: =INDEX(遊戲設定!$B$5:$B$9,MATCH(B23,遊戲設定!$A$5:$A$9,0)) | J23: =INDEX(遊戲設定!$C$5:$C$9,MATCH(B23,遊戲設定!$A$5:$A$9,0)) | K23: =E23/遊戲設定!$B$12 | L23: =J23/SQRT(K23) | M23: =(H23-I23)/L23 | N23: =2*(1-NORMSDIST(ABS(M23))) | O23: =原始資料!G23 | P23: =C23*INDEX(遊戲設定!$D$5:$D$9,MATCH(B23,遊戲設定!$A$5:$A$9,0)) | Q23: =(O23-P23)/SQRT(P23) | R23: =原始資料!H23 | S23: =SUM($F$2:F23)/SUM($E$2:E23) | T23: =IF(ABS(M23)>遊戲設定!$B$10,"警示","正常") | U23: =IF(ABS(H23-I23)>遊戲設定!$B$11,"警示","正常") | V23: =I23+遊戲設定!$B$10*L23 | W23: =I23-遊戲設定!$B$10*L23
A24: =原始資料!A24 | B24: =原始資料!B24 | C24: =原始資料!C24 | D24: =原始資料!D24 | E24: =原始資料!E24 | F24: =原始資料!F24 | G24: =E24-F24 | H24: =IFERROR(F24/E24,0) | I24: =INDEX(遊戲設定!$B$5:$B$9,MATCH(B24,遊戲設定!$A$5:$A$9,0)) | J24: =INDEX(遊戲設定!$C$5:$C$9,MATCH(B24,遊戲設定!$A$5:$A$9,0)) | K24: =E24/遊戲設定!$B$12 | L24: =J24/SQRT(K24) | M24: =(H24-I24)/L24 | N24: =2*(1-NORMSDIST(ABS(M24))) | O24: =原始資料!G24 | P24: =C24*INDEX(遊戲設定!$D$5:$D$9,MATCH(B24,遊戲設定!$A$5:$A$9,0)) | Q24: =(O24-P24)/SQRT(P24) | R24: =原始資料!H24 | S24: =SUM($F$2:F24)/SUM($E$2:E24) | T24: =IF(ABS(M24)>遊戲設定!$B$10,"警示","正常") | U24: =IF(ABS(H24-I24)>遊戲設定!$B$11,"警示","正常") | V24: =I24+遊戲設定!$B$10*L24 | W24: =I24-遊戲設定!$B$10*L24
A25: =原始資料!A25 | B25: =原始資料!B25 | C25: =原始資料!C25 | D25: =原始資料!D25 | E25: =原始資料!E25 | F25: =原始資料!F25 | G25: =E25-F25 | H25: =IFERROR(F25/E25,0) | I25: =INDEX(遊戲設定!$B$5:$B$9,MATCH(B25,遊戲設定!$A$5:$A$9,0)) | J25: =INDEX(遊戲設定!$C$5:$C$9,MATCH(B25,遊戲設定!$A$5:$A$9,0)) | K25: =E25/遊戲設定!$B$12 | L25: =J25/SQRT(K25) | M25: =(H25-I25)/L25 | N25: =2*(1-NORMSDIST(ABS(M25))) | O25: =原始資料!G25 | P25: =C25*INDEX(遊戲設定!$D$5:$D$9,MATCH(B25,遊戲設定!$A$5:$A$9,0)) | Q25: =(O25-P25)/SQRT(P25) | R25: =原始資料!H25 | S25: =SUM($F$2:F25)/SUM($E$2:E25) | T25: =IF(ABS(M25)>遊戲設定!$B$10,"警示","正常") | U25: =IF(ABS(H25-I25)>遊戲設定!$B$11,"警示","正常") | V25: =I25+遊戲設定!$B$10*L25 | W25: =I25-遊戲設定!$B$10*L25 | X25: v1.3 最後一日，9/25 上線 v1.3.1 修正
A26: =原始資料!A26 | B26: =原始資料!B26 | C26: =原始資料!C26 | D26: =原始資料!D26 | E26: =原始資料!E26 | F26: =原始資料!F26 | G26: =E26-F26 | H26: =IFERROR(F26/E26,0) | I26: =INDEX(遊戲設定!$B$5:$B$9,MATCH(B26,遊戲設定!$A$5:$A$9,0)) | J26: =INDEX(遊戲設定!$C$5:$C$9,MATCH(B26,遊戲設定!$A$5:$A$9,0)) | K26: =E26/遊戲設定!$B$12 | L26: =J26/SQRT(K26) | M26: =(H26-I26)/L26 | N26: =2*(1-NORMSDIST(ABS(M26))) | O26: =原始資料!G26 | P26: =C26*INDEX(遊戲設定!$D$5:$D$9,MATCH(B26,遊戲設定!$A$5:$A$9,0)) | Q26: =(O26-P26)/SQRT(P26) | R26: =原始資料!H26 | S26: =SUM($F$2:F26)/SUM($E$2:E26) | T26: =IF(ABS(M26)>遊戲設定!$B$10,"警示","正常") | U26: =IF(ABS(H26-I26)>遊戲設定!$B$11,"警示","正常") | V26: =I26+遊戲設定!$B$10*L26 | W26: =I26-遊戲設定!$B$10*L26
A27: =原始資料!A27 | B27: =原始資料!B27 | C27: =原始資料!C27 | D27: =原始資料!D27 | E27: =原始資料!E27 | F27: =原始資料!F27 | G27: =E27-F27 | H27: =IFERROR(F27/E27,0) | I27: =INDEX(遊戲設定!$B$5:$B$9,MATCH(B27,遊戲設定!$A$5:$A$9,0)) | J27: =INDEX(遊戲設定!$C$5:$C$9,MATCH(B27,遊戲設定!$A$5:$A$9,0)) | K27: =E27/遊戲設定!$B$12 | L27: =J27/SQRT(K27) | M27: =(H27-I27)/L27 | N27: =2*(1-NORMSDIST(ABS(M27))) | O27: =原始資料!G27 | P27: =C27*INDEX(遊戲設定!$D$5:$D$9,MATCH(B27,遊戲設定!$A$5:$A$9,0)) | Q27: =(O27-P27)/SQRT(P27) | R27: =原始資料!H27 | S27: =SUM($F$2:F27)/SUM($E$2:E27) | T27: =IF(ABS(M27)>遊戲設定!$B$10,"警示","正常") | U27: =IF(ABS(H27-I27)>遊戲設定!$B$11,"警示","正常") | V27: =I27+遊戲設定!$B$10*L27 | W27: =I27-遊戲設定!$B$10*L27
A28: =原始資料!A28 | B28: =原始資料!B28 | C28: =原始資料!C28 | D28: =原始資料!D28 | E28: =原始資料!E28 | F28: =原始資料!F28 | G28: =E28-F28 | H28: =IFERROR(F28/E28,0) | I28: =INDEX(遊戲設定!$B$5:$B$9,MATCH(B28,遊戲設定!$A$5:$A$9,0)) | J28: =INDEX(遊戲設定!$C$5:$C$9,MATCH(B28,遊戲設定!$A$5:$A$9,0)) | K28: =E28/遊戲設定!$B$12 | L28: =J28/SQRT(K28) | M28: =(H28-I28)/L28 | N28: =2*(1-NORMSDIST(ABS(M28))) | O28: =原始資料!G28 | P28: =C28*INDEX(遊戲設定!$D$5:$D$9,MATCH(B28,遊戲設定!$A$5:$A$9,0)) | Q28: =(O28-P28)/SQRT(P28) | R28: =原始資料!H28 | S28: =SUM($F$2:F28)/SUM($E$2:E28) | T28: =IF(ABS(M28)>遊戲設定!$B$10,"警示","正常") | U28: =IF(ABS(H28-I28)>遊戲設定!$B$11,"警示","正常") | V28: =I28+遊戲設定!$B$10*L28 | W28: =I28-遊戲設定!$B$10*L28
A29: =原始資料!A29 | B29: =原始資料!B29 | C29: =原始資料!C29 | D29: =原始資料!D29 | E29: =原始資料!E29 | F29: =原始資料!F29 | G29: =E29-F29 | H29: =IFERROR(F29/E29,0) | I29: =INDEX(遊戲設定!$B$5:$B$9,MATCH(B29,遊戲設定!$A$5:$A$9,0)) | J29: =INDEX(遊戲設定!$C$5:$C$9,MATCH(B29,遊戲設定!$A$5:$A$9,0)) | K29: =E29/遊戲設定!$B$12 | L29: =J29/SQRT(K29) | M29: =(H29-I29)/L29 | N29: =2*(1-NORMSDIST(ABS(M29))) | O29: =原始資料!G29 | P29: =C29*INDEX(遊戲設定!$D$5:$D$9,MATCH(B29,遊戲設定!$A$5:$A$9,0)) | Q29: =(O29-P29)/SQRT(P29) | R29: =原始資料!H29 | S29: =SUM($F$2:F29)/SUM($E$2:E29) | T29: =IF(ABS(M29)>遊戲設定!$B$10,"警示","正常") | U29: =IF(ABS(H29-I29)>遊戲設定!$B$11,"警示","正常") | V29: =I29+遊戲設定!$B$10*L29 | W29: =I29-遊戲設定!$B$10*L29
A30: =原始資料!A30 | B30: =原始資料!B30 | C30: =原始資料!C30 | D30: =原始資料!D30 | E30: =原始資料!E30 | F30: =原始資料!F30 | G30: =E30-F30 | H30: =IFERROR(F30/E30,0) | I30: =INDEX(遊戲設定!$B$5:$B$9,MATCH(B30,遊戲設定!$A$5:$A$9,0)) | J30: =INDEX(遊戲設定!$C$5:$C$9,MATCH(B30,遊戲設定!$A$5:$A$9,0)) | K30: =E30/遊戲設定!$B$12 | L30: =J30/SQRT(K30) | M30: =(H30-I30)/L30 | N30: =2*(1-NORMSDIST(ABS(M30))) | O30: =原始資料!G30 | P30: =C30*INDEX(遊戲設定!$D$5:$D$9,MATCH(B30,遊戲設定!$A$5:$A$9,0)) | Q30: =(O30-P30)/SQRT(P30) | R30: =原始資料!H30 | S30: =SUM($F$2:F30)/SUM($E$2:E30) | T30: =IF(ABS(M30)>遊戲設定!$B$10,"警示","正常") | U30: =IF(ABS(H30-I30)>遊戲設定!$B$11,"警示","正常") | V30: =I30+遊戲設定!$B$10*L30 | W30: =I30-遊戲設定!$B$10*L30
A31: =原始資料!A31 | B31: =原始資料!B31 | C31: =原始資料!C31 | D31: =原始資料!D31 | E31: =原始資料!E31 | F31: =原始資料!F31 | G31: =E31-F31 | H31: =IFERROR(F31/E31,0) | I31: =INDEX(遊戲設定!$B$5:$B$9,MATCH(B31,遊戲設定!$A$5:$A$9,0)) | J31: =INDEX(遊戲設定!$C$5:$C$9,MATCH(B31,遊戲設定!$A$5:$A$9,0)) | K31: =E31/遊戲設定!$B$12 | L31: =J31/SQRT(K31) | M31: =(H31-I31)/L31 | N31: =2*(1-NORMSDIST(ABS(M31))) | O31: =原始資料!G31 | P31: =C31*INDEX(遊戲設定!$D$5:$D$9,MATCH(B31,遊戲設定!$A$5:$A$9,0)) | Q31: =(O31-P31)/SQRT(P31) | R31: =原始資料!H31 | S31: =SUM($F$2:F31)/SUM($E$2:E31) | T31: =IF(ABS(M31)>遊戲設定!$B$10,"警示","正常") | U31: =IF(ABS(H31-I31)>遊戲設定!$B$11,"警示","正常") | V31: =I31+遊戲設定!$B$10*L31 | W31: =I31-遊戲設定!$B$10*L31
A32: 月合計 | C32: =SUM(C2:C31) | E32: =SUM(E2:E31) | F32: =SUM(F2:F31) | G32: =SUM(G2:G31) | H32: =F32/E32 | O32: =SUM(O2:O31) | P32: =SUM(P2:P31) | T32: =COUNTIF(T2:T31,"警示")&" 天警示" | U32: =COUNTIF(U2:U31,"警示")&" 天警示"

Sheet 週報
A1: 週報（依「日報」自動彙總）
A3: 週別 | B3: 起日 | C3: 迄日 | D3: 轉數 | E3: 總投注 | F3: 總派彩 | G3: 莊家淨收入 | H3: 實際 RTP | I3: z 檢定警示天數 | J3: 固定區間警示天數
A4: 第 1 週 | B4: 46266 | C4: 46271 | D4: =SUMIFS(日報!$C$2:$C$31,日報!$A$2:$A$31,">="&$B4,日報!$A$2:$A$31,"<="&$C4) | E4: =SUMIFS(日報!$E$2:$E$31,日報!$A$2:$A$31,">="&$B4,日報!$A$2:$A$31,"<="&$C4) | F4: =SUMIFS(日報!$F$2:$F$31,日報!$A$2:$A$31,">="&$B4,日報!$A$2:$A$31,"<="&$C4) | G4: =SUMIFS(日報!$G$2:$G$31,日報!$A$2:$A$31,">="&$B4,日報!$A$2:$A$31,"<="&$C4) | H4: =IFERROR(F4/E4,0) | I4: =COUNTIFS(日報!$A$2:$A$31,">="&$B4,日報!$A$2:$A$31,"<="&$C4,日報!$T$2:$T$31,"警示") | J4: =COUNTIFS(日報!$A$2:$A$31,">="&$B4,日報!$A$2:$A$31,"<="&$C4,日報!$U$2:$U$31,"警示")
A5: 第 2 週 | B5: 46272 | C5: 46278 | D5: =SUMIFS(日報!$C$2:$C$31,日報!$A$2:$A$31,">="&$B5,日報!$A$2:$A$31,"<="&$C5) | E5: =SUMIFS(日報!$E$2:$E$31,日報!$A$2:$A$31,">="&$B5,日報!$A$2:$A$31,"<="&$C5) | F5: =SUMIFS(日報!$F$2:$F$31,日報!$A$2:$A$31,">="&$B5,日報!$A$2:$A$31,"<="&$C5) | G5: =SUMIFS(日報!$G$2:$G$31,日報!$A$2:$A$31,">="&$B5,日報!$A$2:$A$31,"<="&$C5) | H5: =IFERROR(F5/E5,0) | I5: =COUNTIFS(日報!$A$2:$A$31,">="&$B5,日報!$A$2:$A$31,"<="&$C5,日報!$T$2:$T$31,"警示") | J5: =COUNTIFS(日報!$A$2:$A$31,">="&$B5,日報!$A$2:$A$31,"<="&$C5,日報!$U$2:$U$31,"警示")
A6: 第 3 週 | B6: 46279 | C6: 46285 | D6: =SUMIFS(日報!$C$2:$C$31,日報!$A$2:$A$31,">="&$B6,日報!$A$2:$A$31,"<="&$C6) | E6: =SUMIFS(日報!$E$2:$E$31,日報!$A$2:$A$31,">="&$B6,日報!$A$2:$A$31,"<="&$C6) | F6: =SUMIFS(日報!$F$2:$F$31,日報!$A$2:$A$31,">="&$B6,日報!$A$2:$A$31,"<="&$C6) | G6: =SUMIFS(日報!$G$2:$G$31,日報!$A$2:$A$31,">="&$B6,日報!$A$2:$A$31,"<="&$C6) | H6: =IFERROR(F6/E6,0) | I6: =COUNTIFS(日報!$A$2:$A$31,">="&$B6,日報!$A$2:$A$31,"<="&$C6,日報!$T$2:$T$31,"警示") | J6: =COUNTIFS(日報!$A$2:$A$31,">="&$B6,日報!$A$2:$A$31,"<="&$C6,日報!$U$2:$U$31,"警示")
A7: 第 4 週 | B7: 46286 | C7: 46292 | D7: =SUMIFS(日報!$C$2:$C$31,日報!$A$2:$A$31,">="&$B7,日報!$A$2:$A$31,"<="&$C7) | E7: =SUMIFS(日報!$E$2:$E$31,日報!$A$2:$A$31,">="&$B7,日報!$A$2:$A$31,"<="&$C7) | F7: =SUMIFS(日報!$F$2:$F$31,日報!$A$2:$A$31,">="&$B7,日報!$A$2:$A$31,"<="&$C7) | G7: =SUMIFS(日報!$G$2:$G$31,日報!$A$2:$A$31,">="&$B7,日報!$A$2:$A$31,"<="&$C7) | H7: =IFERROR(F7/E7,0) | I7: =COUNTIFS(日報!$A$2:$A$31,">="&$B7,日報!$A$2:$A$31,"<="&$C7,日報!$T$2:$T$31,"警示") | J7: =COUNTIFS(日報!$A$2:$A$31,">="&$B7,日報!$A$2:$A$31,"<="&$C7,日報!$U$2:$U$31,"警示")
A8: 第 5 週 | B8: 46293 | C8: 46295 | D8: =SUMIFS(日報!$C$2:$C$31,日報!$A$2:$A$31,">="&$B8,日報!$A$2:$A$31,"<="&$C8) | E8: =SUMIFS(日報!$E$2:$E$31,日報!$A$2:$A$31,">="&$B8,日報!$A$2:$A$31,"<="&$C8) | F8: =SUMIFS(日報!$F$2:$F$31,日報!$A$2:$A$31,">="&$B8,日報!$A$2:$A$31,"<="&$C8) | G8: =SUMIFS(日報!$G$2:$G$31,日報!$A$2:$A$31,">="&$B8,日報!$A$2:$A$31,"<="&$C8) | H8: =IFERROR(F8/E8,0) | I8: =COUNTIFS(日報!$A$2:$A$31,">="&$B8,日報!$A$2:$A$31,"<="&$C8,日報!$T$2:$T$31,"警示") | J8: =COUNTIFS(日報!$A$2:$A$31,">="&$B8,日報!$A$2:$A$31,"<="&$C8,日報!$U$2:$U$31,"警示")
A9: 合計 | D9: =SUM(D4:D8) | E9: =SUM(E4:E8) | F9: =SUM(F4:F8) | G9: =SUM(G4:G8) | H9: =F9/E9 | I9: =SUM(I4:I8) | J9: =SUM(J4:J8)
A11: 週別起迄日為輸入值（黃底），新增週別時複製最後一列並修改日期即可。

Sheet 版本比較
A1: 版本比較（各版本上線期間的累計表現）
A3: 版本 | B3: 天數 | C3: 轉數 | D3: 總投注 | E3: 總派彩 | F3: 實際 RTP | G3: 理論 RTP | H3: σ | I3: 等效轉數 | J3: z 值 | K3: 判定 | L3: 說明
A4: =遊戲設定!A5 | B4: =COUNTIF(日報!$B$2:$B$31,A4) | C4: =SUMIF(日報!$B$2:$B$31,A4,日報!$C$2:$C$31) | D4: =SUMIF(日報!$B$2:$B$31,A4,日報!$E$2:$E$31) | E4: =SUMIF(日報!$B$2:$B$31,A4,日報!$F$2:$F$31) | F4: =IFERROR(E4/D4,0) | G4: =遊戲設定!B5 | H4: =遊戲設定!C5 | I4: =D4/遊戲設定!$B$12 | J4: =(F4-G4)/(H4/SQRT(I4)) | K4: =IF(ABS(J4)>遊戲設定!$B$10,"異常","正常") | L4: =遊戲設定!H5
A5: =遊戲設定!A6 | B5: =COUNTIF(日報!$B$2:$B$31,A5) | C5: =SUMIF(日報!$B$2:$B$31,A5,日報!$C$2:$C$31) | D5: =SUMIF(日報!$B$2:$B$31,A5,日報!$E$2:$E$31) | E5: =SUMIF(日報!$B$2:$B$31,A5,日報!$F$2:$F$31) | F5: =IFERROR(E5/D5,0) | G5: =遊戲設定!B6 | H5: =遊戲設定!C6 | I5: =D5/遊戲設定!$B$12 | J5: =(F5-G5)/(H5/SQRT(I5)) | K5: =IF(ABS(J5)>遊戲設定!$B$10,"異常","正常") | L5: =遊戲設定!H6
A6: =遊戲設定!A7 | B6: =COUNTIF(日報!$B$2:$B$31,A6) | C6: =SUMIF(日報!$B$2:$B$31,A6,日報!$C$2:$C$31) | D6: =SUMIF(日報!$B$2:$B$31,A6,日報!$E$2:$E$31) | E6: =SUMIF(日報!$B$2:$B$31,A6,日報!$F$2:$F$31) | F6: =IFERROR(E6/D6,0) | G6: =遊戲設定!B7 | H6: =遊戲設定!C7 | I6: =D6/遊戲設定!$B$12 | J6: =(F6-G6)/(H6/SQRT(I6)) | K6: =IF(ABS(J6)>遊戲設定!$B$10,"異常","正常") | L6: =遊戲設定!H7
A8: v1.3 累計 RTP 明顯偏高，與免費遊戲倍數設定錯誤相符；v1.3.1 修正後回到正常範圍。

Sheet 圖表
A1: 圖表（資料來源：日報、週報）
