Workbook

Sheet 摘要
A1: 金鯉躍門 v1.3.1 驗收摘要
A2: 示範文件：情境為 v1.3 上線後被報表發現設定錯誤，修正版 v1.3.1 的驗收紀錄
A4: 遊戲 | B4: 金鯉躍門
A5: 驗收版本 | B5: v1.3.1
A6: 驗收期間 | B6: 2026-09-24 ～ 2026-09-25
A7: 驗收人員 | B7: （填入姓名）
A8: 驗收依據 | B8: 遊戲規格書 v1.3、數值規格表 2026-08、Bug 清單 BUG-01
A10: 測試案例統計
A11: 案例總數 | B11: =COUNTIF(測試案例!A2:A200,"TC-*")
A12: 通過 | B12: =COUNTIF(測試案例!H2:H200,"通過")
A13: 不通過 | B13: =COUNTIF(測試案例!H2:H200,"不通過")
A14: 阻擋（無法測試） | B14: =COUNTIF(測試案例!H2:H200,"阻擋")
A15: 未執行 | B15: =COUNTIF(測試案例!H2:H200,"未執行")
A16: 通過率（已執行） | B16: =IFERROR(B12/(B11-B15),0)
A18: 上線條件
A19: 高嚴重度未關閉 Bug | B19: =COUNTIFS(Bug清單!D2:D50,"高",Bug清單!J2:J50,"<>已關閉")
A20: 中低嚴重度未關閉 Bug | B20: =COUNTIFS(Bug清單!D2:D50,"中",Bug清單!J2:J50,"<>已關閉")+COUNTIFS(Bug清單!D2:D50,"低",Bug清單!J2:J50,"<>已關閉")
A21: 設定核對不一致（v1.3.1） | B21: =COUNTIF(設定核對!G2:G200,"不一致")
A22: 數學驗收（RTP） | B22: =數學驗收!C16
A23: 數學驗收（觸發率） | B23: =數學驗收!C20
A25: 驗收結論 | B25: =IF(AND(B19=0,B21=0,B22="通過",B23="通過"),IF(B20=0,"可上線","可上線（"&B20&" 項中低嚴重度問題列入後續修正）"),"不可上線")
A27: 結論規則：高嚴重度 Bug 全部關閉、設定與 數值規格表完全一致、數學驗收通過，才可上線。

Sheet 測試案例
A1: 編號 | B1: 類別 | C1: 測試項目 | D1: 前置條件 | E1: 步驟／盤面 | F1: 預期結果 | G1: 實際結果 | H1: 結果 | I1: 嚴重度 | J1: Bug 編號 | K1: 備註
A2: TC-001 | B2: 設定核對 | C2: 輪帶停點數與 數值規格表一致 | D2: 取得 v1.3.1 匯出設定 | E2: 依「設定核對」頁逐項比對 50 項 | F2: 全部一致 | G2: 全部一致 | H2: 通過
A3: TC-002 | B3: 設定核對 | C3: 賠率表與 數值規格表一致 | D3: 同上 | E3: 逐項比對 27 項賠率 | F3: 全部一致 | G3: 全部一致 | H3: 通過
A4: TC-003 | B4: 設定核對 | C4: 分散賠付與免費遊戲設定一致 | D4: 同上 | E4: 比對分散賠付 3 項、免費場次、免費倍數 | F4: 全部一致 | G4: 全部一致 | H4: 通過 | K4: v1.3 的免費倍數為 3，見 BUG-01
A5: TC-004 | B5: 連線判定 | C5: 基本 3 連 | D5: 每線押 1，測試模式指定停輪 | E5: 第 1 線：寶 寶 寶 J Q | F5: 寶 3 連，贏 50 | G5: 贏 50 | H5: 通過
A6: TC-005 | B6: 連線判定 | C6: 基本 4 連 | D6: 同上 | E6: 第 1 線：寶 寶 寶 寶 Q | F6: 寶 4 連，贏 200 | G6: 贏 200 | H6: 通過
A7: TC-006 | B7: 連線判定 | C7: 基本 5 連 | D7: 同上 | E7: 第 1 線：寶 寶 寶 寶 寶 | F7: 寶 5 連，贏 1,000 | G7: 贏 1,000 | H7: 通過
A8: TC-007 | B8: 連線判定 | C8: 必須從最左軸起算 | D8: 同上 | E8: 第 1 線：J 寶 寶 寶 寶 | F8: 不中獎 | G8: 不中獎 | H8: 通過 | K8: 邊界：右側 4 連不算
A9: TC-008 | B9: 連線判定 | C9: 中間斷開不算連線 | D9: 同上 | E9: 第 1 線：寶 寶 J 寶 寶 | F9: 不中獎（只有 2 連） | G9: 不中獎 | H9: 通過
A10: TC-009 | B10: 連線判定 | C10: 非直線連線 | D10: 同上 | E10: 第 4 線（V 形）：上 中 下 中 上 皆為 燈 | F10: 燈 5 連，贏 300 | G10: 贏 300 | H10: 通過 | K10: 抽查 20 條線中的 5 條
A11: TC-010 | B11: 百搭 | C11: 百搭替代延伸連線 | D11: 同上 | E11: 第 1 線：寶 鯉 鯉 鯉 鯉 | F11: 寶 5 連，贏 1,000 | G11: 贏 1,000 | H11: 通過
A12: TC-011 | B12: 百搭 | C12: 百搭不替代分散符號 | D12: 同上 | E12: 第 1 線：寶 鯉 門 寶 寶 | F12: 連線不中獎（寶 2 連） | G12: 連線不中獎 | H12: 通過 | K12: 門另依分散規則計算
A13: TC-012 | B13: 百搭 | C13: 第 1 軸不會出現百搭 | D13: 測試模式逐一指定第 1 軸停點 | E13: 第 1 軸 36 個停點全部檢查 | F13: 沒有任何停點出現鯉 | G13: 未出現 | H13: 通過 | K13: 設計規則
A14: TC-013 | B14: 分散 | C14: 3 個門：賠付並觸發 | D14: 每線押 1 | E14: 第 1、3、5 軸各出現 1 個門 | F14: 贏 40（2 × 總押注 20），觸發 10 場 | G14: 贏 40，觸發 10 場 | H14: 通過
A15: TC-014 | B15: 分散 | C15: 4 個門 | D15: 同上 | E15: 第 1–4 軸各出現 1 個門 | F15: 贏 200，觸發 10 場 | G15: 贏 200，觸發 10 場 | H15: 通過
A16: TC-015 | B16: 分散 | C16: 5 個門 | D16: 同上 | E16: 五軸各出現 1 個門 | F16: 贏 1,000，觸發 10 場 | G16: 贏 1,000，觸發 10 場 | H16: 通過
A17: TC-016 | B17: 分散 | C17: 同一軸視窗最多 1 個門 | D17: 取得輪帶排列 | E17: 檢查每軸相鄰兩個門的間距 | F17: 間距皆 ≥ 3 | G17: 最小間距 18 | H17: 通過
A18: TC-017 | B18: 免費遊戲 | C18: 免費場次 | D18: 觸發免費遊戲 | E18: 計算實際進行場次（無再觸發） | F18: 10 場 | G18: 10 場 | H18: 通過
A19: TC-018 | B19: 免費遊戲 | C19: 免費遊戲贏分倍數 | D19: 免費遊戲中，每線押 1 | E19: 第 1 線：寶 寶 寶 J Q | F19: 贏 100（50 × 2） | G19: 贏 100 | H19: 通過 | J19: BUG-01 | K19: v1.3 實際贏 150，回歸驗證已修正
A20: TC-019 | B20: 免費遊戲 | C20: 免費遊戲中再觸發 | D20: 免費遊戲第 4 場 | E20: 出現 3 個門 | F20: 剩餘場次 +10（6 → 16） | G20: 6 → 16 | H20: 通過
A21: TC-020 | B21: 免費遊戲 | C21: 免費遊戲中分散賠付也乘倍數 | D21: 免費遊戲中 | E21: 出現 3 個門 | F21: 分散贏 80（40 × 2） | G21: 贏 80 | H21: 通過 | J21: BUG-01
A22: TC-021 | B22: 押注與餘額 | C22: 總押注扣款正確 | D22: 餘額 10,000 | E22: 每線押 1、2、5 各轉一次 | F22: 扣 20、40、100 | G22: 扣 20、40、100 | H22: 通過
A23: TC-022 | B23: 押注與餘額 | C23: 贏分依線注等比放大 | D23: 每線押 2 | E23: 第 1 線：寶 寶 寶 J Q | F23: 贏 100（50 × 2） | G23: 贏 100 | H23: 通過
A24: TC-023 | B24: 押注與餘額 | C24: 餘額不足不可轉動 | D24: 餘額 15，總押注 20 | E24: 按轉動 | F24: 不可轉動，提示餘額不足 | G24: 提示餘額不足 | H24: 通過 | K24: 邊界值
A25: TC-024 | B25: 押注與餘額 | C25: 餘額剛好等於押注 | D25: 餘額 20，總押注 20 | E25: 按轉動 | F25: 可轉動，轉後餘額 0（加贏分） | G25: 符合 | H25: 通過 | K25: 邊界值
A26: TC-025 | B26: 介面 | C26: 贏分線位置正確亮起 | D26: 任一中獎盤面 | E26: 比對亮起位置與中獎線 | F26: 位置一致 | G26: 一致 | H26: 通過 | K26: 抽查 10 次
A27: TC-026 | B27: 介面 | C27: 餘額顯示千分位 | D27: 餘額 10,000 | E27: 查看餘額欄 | F27: 顯示 10,000 | G27: 顯示 10000 | H27: 不通過 | I27: 低 | J27: BUG-02
A28: TC-027 | B28: 異常處理 | C28: 免費遊戲中斷線重連 | D28: 免費遊戲第 5 場 | E28: 中斷網路後重新連線 | F28: 回到第 5 場，累計贏分不變 | H28: 阻擋 | K28: 測試環境無法模擬斷線，已請開發提供工具
A29: TC-028 | B29: 異常處理 | C29: 快速連點轉動 | D29: 主遊戲 | E29: 1 秒內連點轉動 5 次 | F29: 只執行 1 次轉動 | G29: 只執行 1 次 | H29: 通過
A30: TC-029 | B30: 紀錄 | C30: 每轉寫入一筆紀錄 | D30: 轉動 100 次（含 1 次免費遊戲） | E30: 以 SQL 查詢 spins 筆數與 win 欄位 | F30: 100 筆；win 含免費遊戲贏分 | G30: 符合 | H30: 通過 | K30: 見 queries.sql
A31: TC-030 | B31: 數學驗收 | C31: RTP 落在理論值 ±3 標準誤 | D31: 模擬 100 萬轉 | E31: 見「數學驗收」頁 | F31: |z| ≤ 3 | G31: 見數學驗收頁 | H31: =數學驗收!C16 | K31: 結果欄依數學驗收頁判定
A32: TC-031 | B32: 數學驗收 | C32: 免費遊戲觸發率與平均場次 | D32: 同上 | E32: 見「數學驗收」頁 | F32: |z| ≤ 3、平均場次接近理論值 | G32: 見數學驗收頁 | H32: =數學驗收!C20
A34: 黃底藍字為測試人員填寫欄位；「結果」「嚴重度」只能從下拉清單選擇。新增案例時接續在最後一列。

Sheet 設定核對
A1: 參數 | B1: 說明 | C1: 數值規格表 | D1: v1.3 實際 | E1: v1.3.1 實際 | F1: v1.3 判定 | G1: v1.3.1 判定
A2: reel1_鯉 | B2: 第 1 軸「鯉」停點數 | C2: 0 | D2: 0 | E2: 0 | F2: =IF(D2=C2,"一致","不一致") | G2: =IF(E2=C2,"一致","不一致")
A3: reel2_鯉 | B3: 第 2 軸「鯉」停點數 | C3: 2 | D3: 2 | E3: 2 | F3: =IF(D3=C3,"一致","不一致") | G3: =IF(E3=C3,"一致","不一致")
A4: reel3_鯉 | B4: 第 3 軸「鯉」停點數 | C4: 3 | D4: 3 | E4: 3 | F4: =IF(D4=C4,"一致","不一致") | G4: =IF(E4=C4,"一致","不一致")
A5: reel4_鯉 | B5: 第 4 軸「鯉」停點數 | C5: 3 | D5: 3 | E5: 3 | F5: =IF(D5=C5,"一致","不一致") | G5: =IF(E5=C5,"一致","不一致")
A6: reel5_鯉 | B6: 第 5 軸「鯉」停點數 | C6: 2 | D6: 2 | E6: 2 | F6: =IF(D6=C6,"一致","不一致") | G6: =IF(E6=C6,"一致","不一致")
A7: reel1_門 | B7: 第 1 軸「門」停點數 | C7: 1 | D7: 1 | E7: 1 | F7: =IF(D7=C7,"一致","不一致") | G7: =IF(E7=C7,"一致","不一致")
A8: reel2_門 | B8: 第 2 軸「門」停點數 | C8: 2 | D8: 2 | E8: 2 | F8: =IF(D8=C8,"一致","不一致") | G8: =IF(E8=C8,"一致","不一致")
A9: reel3_門 | B9: 第 3 軸「門」停點數 | C9: 2 | D9: 2 | E9: 2 | F9: =IF(D9=C9,"一致","不一致") | G9: =IF(E9=C9,"一致","不一致")
A10: reel4_門 | B10: 第 4 軸「門」停點數 | C10: 2 | D10: 2 | E10: 2 | F10: =IF(D10=C10,"一致","不一致") | G10: =IF(E10=C10,"一致","不一致")
A11: reel5_門 | B11: 第 5 軸「門」停點數 | C11: 1 | D11: 1 | E11: 1 | F11: =IF(D11=C11,"一致","不一致") | G11: =IF(E11=C11,"一致","不一致")
A12: reel1_寶 | B12: 第 1 軸「寶」停點數 | C12: 2 | D12: 2 | E12: 2 | F12: =IF(D12=C12,"一致","不一致") | G12: =IF(E12=C12,"一致","不一致")
A13: reel2_寶 | B13: 第 2 軸「寶」停點數 | C13: 2 | D13: 2 | E13: 2 | F13: =IF(D13=C13,"一致","不一致") | G13: =IF(E13=C13,"一致","不一致")
... A83: fg_mult | B83: 免費遊戲贏分倍數 | C83: 2 | D83: 3 | E83: 2 | F83: =IF(D83=C83,"一致","不一致") | G83: =IF(E83=C83,"一致","不一致")
A84: 不一致項目數 | F84: =COUNTIF(F2:F83,"不一致") | G84: =COUNTIF(G2:G83,"不一致")
A86: 資料來源：jinli.db 的 config_par（數值規格表）與 config_build（開發匯出的實際設定）；也可用 queries.sql [Q07] 直接列出不一致項目。

Sheet 數學驗收
A1: 數學驗收：100 萬轉模擬 vs 數值規格表理論值
A3: 項目 | B3: 說明 | C3: v1.3.1 | D3: v1.3（事後重跑）
A4: 模擬轉數 | B4: 每線押 1，總押注 20 | C4: 1000000 | D4: 1000000
A5: 總押注 | B5: 轉數 × 20 | C5: =C4*20 | D5: =D4*20
A6: 總派彩 | B6: 含免費遊戲贏分 | C6: 19395104 | D6: 22102328
A7: 觸發次數 | B7: 主遊戲觸發免費遊戲的次數 | C7: 14632 | D7: 14828
A8: 免費遊戲總場次 | B8: 含再觸發 | C8: 172250 | D8: 174120
A9: 理論 RTP | B9: 數值規格表 | C9: 0.969748 | D9: 0.969748
A10: 單局標準差 σ | B10: 數值規格表（× 總押注） | C10: 3.6796 | D10: 3.6796
A11: 理論觸發率 | B11: 數值規格表 | C11: 0.014685 | D11: 0.014685
A12: 理論平均免費場次 | B12: F ÷ (1 − F·p) | C12: 11.7213 | D12: 11.7213
A13: 實際 RTP | B13: 總派彩 ÷ 總投注 | C13: =C6/C5 | D13: =D6/D5
A14: 標準誤 | B14: σ ÷ √轉數 | C14: =C10/SQRT(C4) | D14: =D10/SQRT(D4)
A15: RTP z 值 | B15: (實際 − 理論) ÷ 標準誤 | C15: =(C13-C9)/C14 | D15: =(D13-D9)/D14
A16: RTP 判定 | B16: |z| ≤ 3 為通過 | C16: =IF(ABS(C15)<=3,"通過","不通過") | D16: =IF(ABS(D15)<=3,"通過","不通過")
A17: 95% 信賴區間 | B17: 實際 RTP ± 1.96 × 標準誤 | C17: =TEXT(C13-1.96*C14,"0.00%")&" ～ "&TEXT(C13+1.96*C14,"0.00%") | D17: =TEXT(D13-1.96*D14,"0.00%")&" ～ "&TEXT(D13+1.96*D14,"0.00%")
A18: 實際觸發率 | B18: 觸發次數 ÷ 轉數 | C18: =C7/C4 | D18: =D7/D4
A19: 觸發次數 z 值 | B19: (實際 − 期望) ÷ √期望（卜瓦松近似） | C19: =(C7-C4*C11)/SQRT(C4*C11) | D19: =(D7-D4*D11)/SQRT(D4*D11)
A20: 觸發判定 | B20: |z| ≤ 3 為通過 | C20: =IF(ABS(C19)<=3,"通過","不通過") | D20: =IF(ABS(D19)<=3,"通過","不通過")
A21: 實際平均免費場次 | B21: 免費總場次 ÷ 觸發次數 | C21: =C8/C7 | D21: =D8/D7
A23: v1.3（事後重跑）：用 v1.3 的實際設定（免費倍數 ×3）重跑同樣的驗收，RTP 判定為不通過。代表若當時有做數學驗收，這個錯誤在上線前就能被擋下。
A24: 觸發率不受免費倍數影響，所以兩個版本的觸發判定都通過；問題只出現在 RTP。這跟營運資料 [Q06] 的發現一致。

Sheet Bug清單
A1: 編號 | B1: 標題 | C1: 發現版本 | D1: 嚴重度 | E1: 發現日期 | F1: 發現方式 | G1: 重現步驟 | H1: 預期結果 | I1: 實際結果 | J1: 狀態 | K1: 修正版本 | L1: 回歸結果
A2: BUG-01 | B2: 免費遊戲贏分倍數誤設為 ×3 | C2: v1.3 | D2: 高 | E2: 46286 | F2: 日報 9/21 z 檢定警示 → SQL [Q06] 免費遊戲平均贏分偏高 → [Q07] 設定核對 | G2: 觸發免費遊戲後，第 1 線出現 寶 寶 寶 J Q | H2: 贏 100（50 × 2） | I2: 贏 150（50 × 3） | J2: 已關閉 | K2: v1.3.1 | L2: 9/25 回歸通過（TC-003、018、020、030）
A3: BUG-02 | B3: 餘額未顯示千分位 | C3: v1.3.1 | D3: 低 | E3: 46290 | F3: 驗收 TC-026 | G3: 餘額 10,000 時查看餘額欄 | H3: 顯示 10,000 | I3: 顯示 10000 | J3: 待修
A52: 嚴重度：高 = 影響金額或機率，不可上線；中 = 功能異常但不影響金額；低 = 文字、排版等。

Sheet 回歸測試
A1: BUG-01 回歸測試（v1.3.1）
A2: 修正免費遊戲倍數後，重測原本失敗的案例，以及所有可能受影響的免費遊戲相關案例
A4: 案例 | B4: 測試項目 | C4: 結果（引用測試案例） | D4: 重測原因
A5: TC-003 | B5: 分散賠付與免費遊戲設定一致 | C5: =INDEX(測試案例!$H$2:$H$200,MATCH(A5,測試案例!$A$2:$A$200,0)) | D5: 直接對應錯誤的設定值
A6: TC-017 | B6: 免費場次 | C6: =INDEX(測試案例!$H$2:$H$200,MATCH(A6,測試案例!$A$2:$A$200,0)) | D6: 同屬免費遊戲設定
A7: TC-018 | B7: 免費遊戲贏分倍數 | C7: =INDEX(測試案例!$H$2:$H$200,MATCH(A7,測試案例!$A$2:$A$200,0)) | D7: 原本失敗的案例
A8: TC-019 | B8: 免費遊戲中再觸發 | C8: =INDEX(測試案例!$H$2:$H$200,MATCH(A8,測試案例!$A$2:$A$200,0)) | D8: 免費遊戲流程可能受影響
A9: TC-020 | B9: 免費遊戲中分散賠付也乘倍數 | C9: =INDEX(測試案例!$H$2:$H$200,MATCH(A9,測試案例!$A$2:$A$200,0)) | D9: 倍數套用範圍
A10: TC-030 | B10: RTP 落在理論值 ±3 標準誤 | C10: =INDEX(測試案例!$H$2:$H$200,MATCH(A10,測試案例!$A$2:$A$200,0)) | D10: 倍數直接影響 RTP
A11: TC-031 | B11: 免費遊戲觸發率與平均場次 | C11: =INDEX(測試案例!$H$2:$H$200,MATCH(A11,測試案例!$A$2:$A$200,0)) | D11: 確認修正沒有影響觸發邏輯
A13: 回歸結果 | B13: =IF(COUNTIF(C5:C11,"通過")=7,"全部通過","有未通過項目")
